{
  "id": "420f237f-1f3e-4684-a9c5-55f1b0293801",
  "revision": 0,
  "last_node_id": 518,
  "last_link_id": 929,
  "nodes": [
    {
      "id": 92,
      "type": "Note",
      "pos": [
        -2040,
        500
      ],
      "size": [
        313.0504150390625,
        212.71104431152344
      ],
      "flags": {},
      "order": 0,
      "mode": 0,
      "inputs": [],
      "outputs": [],
      "properties": {
        "widget_ue_connectable": {}
      },
      "widgets_values": [
        "\nVAE: Still using the same as the wan 2.1 \n\nCLIP:\nJust your prefered standard CLIP text encoder.\nNo CLIP Vision H, this is not traided and implemented in WAN 2.2 - There is no need for this, the weights are disabled.\n\nCLIP can be offloaded to CPU for VRAM savings -> device = \"cpu\"\n\nIf your VRAM is enough, you can device = \"default\" for faster inference speed"
      ],
      "color": "#432",
      "bgcolor": "#653"
    },
    {
      "id": 356,
      "type": "Bookmark (rgthree)",
      "pos": [
        -1580,
        70
      ],
      "size": [
        210,
        62
      ],
      "flags": {
        "collapsed": true
      },
      "order": 1,
      "mode": 0,
      "inputs": [],
      "outputs": [],
      "title": "🔖Settings (1)",
      "properties": {},
      "widgets_values": [
        "1",
        1
      ],
      "color": "#233",
      "bgcolor": "#355"
    },
    {
      "id": 105,
      "type": "Label (rgthree)",
      "pos": [
        -1580,
        -40
      ],
      "size": [
        1146.86572265625,
        65
      ],
      "flags": {
        "pinned": true,
        "allow_interaction": false
      },
      "order": 2,
      "mode": 0,
      "inputs": [],
      "outputs": [],
      "title": "DaSiWa - WAN 2.2 i2v FastFidelity",
      "properties": {
        "fontSize": 65,
        "fontFamily": "Arial Black",
        "fontColor": "#0C6388",
        "textAlign": "left",
        "backgroundColor": "transparent",
        "padding": 0,
        "borderRadius": 0,
        "angle": 0,
        "widget_ue_connectable": {}
      },
      "color": "#fff0",
      "bgcolor": "#fff0"
    },
    {
      "id": 106,
      "type": "Label (rgthree)",
      "pos": [
        -820,
        20
      ],
      "size": [
        477.328369140625,
        50
      ],
      "flags": {
        "pinned": true,
        "allow_interaction": false
      },
      "order": 3,
      "mode": 0,
      "inputs": [],
      "outputs": [],
      "title": "by Darksidewalker",
      "properties": {
        "fontSize": 50,
        "fontFamily": "Arial Black",
        "fontColor": "#ffffff",
        "textAlign": "left",
        "backgroundColor": "transparent",
        "padding": 0,
        "borderRadius": 0,
        "angle": 0,
        "widget_ue_connectable": {}
      },
      "color": "#fff0",
      "bgcolor": "#fff0"
    },
    {
      "id": 307,
      "type": "MarkdownNote",
      "pos": [
        -2980,
        110
      ],
      "size": [
        590,
        350
      ],
      "flags": {},
      "order": 4,
      "mode": 0,
      "inputs": [],
      "outputs": [],
      "properties": {},
      "widgets_values": [
        "## Model links\n\n**text_encoders**\n\n- [umt5_xxl_fp8_e4m3fn_scaled.safetensors](https://huggingface.co/Comfy-Org/Wan_2.2_ComfyUI_Repackaged/resolve/main/split_files/text_encoders/umt5_xxl_fp8_e4m3fn_scaled.safetensors)\n\n**model**\n\n- [DaSiWa WAN 2.2 i2v 14B Lightspeed](https://civitai.com/models/1981116)\n\n**vae**\n\n- [wan_2.1_vae.safetensors](https://huggingface.co/Comfy-Org/Wan_2.2_ComfyUI_Repackaged/blob/main/split_files/vae/wan_2.1_vae.safetensors)\n\n\n## Model Storage Location\n\n```\n📂 ComfyUI/\n├── 📂 models/\n│   ├── 📂 text_encoders/\n│   │      └── umt5_xxl_fp8_e4m3fn_scaled.safetensors\n│   ├── 📂 checkpoints/\n│   │      └── dasiwa-wan2.2-i2v-lightspeed.safetensors\n│   ├── 📂 vae/\n│   │      └── wan_2.1_vae.safetensors\n```\n"
      ],
      "color": "#432",
      "bgcolor": "#653"
    },
    {
      "id": 91,
      "type": "Note",
      "pos": [
        -2370,
        150
      ],
      "size": [
        210,
        242.5765380859375
      ],
      "flags": {},
      "order": 5,
      "mode": 0,
      "inputs": [],
      "outputs": [],
      "properties": {
        "widget_ue_connectable": {}
      },
      "widgets_values": [
        "Choose the type of Checkpoint to use.\n\nWan 2.2 uses a different diffusion model for the first steps (high noise) vs the last steps (low noise).\n\n"
      ],
      "color": "#432",
      "bgcolor": "#653"
    },
    {
      "id": 124,
      "type": "CheckpointLoaderSimple",
      "pos": [
        -2150,
        150
      ],
      "size": [
        530,
        100
      ],
      "flags": {},
      "order": 6,
      "mode": 0,
      "inputs": [],
      "outputs": [
        {
          "name": "MODEL",
          "type": "MODEL",
          "links": [
            215
          ]
        },
        {
          "name": "CLIP",
          "type": "CLIP",
          "links": []
        },
        {
          "name": "VAE",
          "type": "VAE",
          "links": []
        }
      ],
      "properties": {
        "cnr_id": "comfy-core",
        "ver": "0.3.67",
        "Node name for S&R": "CheckpointLoaderSimple"
      },
      "widgets_values": [
        "Wan/High/Wan2_2-I2V-H-LS-DaSiWa-nM-MidnightFlirt.safetensors"
      ]
    },
    {
      "id": 125,
      "type": "CheckpointLoaderSimple",
      "pos": [
        -2150,
        290
      ],
      "size": [
        530,
        100
      ],
      "flags": {},
      "order": 7,
      "mode": 0,
      "inputs": [],
      "outputs": [
        {
          "name": "MODEL",
          "type": "MODEL",
          "links": [
            217
          ]
        },
        {
          "name": "CLIP",
          "type": "CLIP",
          "links": null
        },
        {
          "name": "VAE",
          "type": "VAE",
          "links": null
        }
      ],
      "properties": {
        "cnr_id": "comfy-core",
        "ver": "0.3.67",
        "Node name for S&R": "CheckpointLoaderSimple"
      },
      "widgets_values": [
        "Wan/Low/Wan2_2-I2V-L-LS-DaSiWa-nM-MidnightFlirt.safetensors"
      ]
    },
    {
      "id": 38,
      "type": "CLIPLoader",
      "pos": [
        -2370,
        500
      ],
      "size": [
        317.71441650390625,
        106
      ],
      "flags": {},
      "order": 8,
      "mode": 0,
      "inputs": [],
      "outputs": [
        {
          "name": "CLIP",
          "type": "CLIP",
          "slot_index": 0,
          "links": [
            370,
            371,
            668
          ]
        }
      ],
      "properties": {
        "cnr_id": "comfy-core",
        "ver": "0.3.46",
        "Node name for S&R": "CLIPLoader",
        "widget_ue_connectable": {
          "clip_name": true,
          "type": true,
          "device": true
        }
      },
      "widgets_values": [
        "umt5_xxl_fp8_e4m3fn_scaled.safetensors",
        "wan",
        "default"
      ],
      "color": "#223",
      "bgcolor": "#335"
    },
    {
      "id": 110,
      "type": "Power Lora Loader (rgthree)",
      "pos": [
        -1570,
        560
      ],
      "size": [
        390,
        360
      ],
      "flags": {},
      "order": 49,
      "mode": 0,
      "inputs": [
        {
          "dir": 3,
          "name": "model",
          "type": "MODEL",
          "link": 217
        },
        {
          "dir": 3,
          "name": "clip",
          "type": "CLIP",
          "link": null
        }
      ],
      "outputs": [
        {
          "dir": 4,
          "name": "MODEL",
          "shape": 3,
          "type": "MODEL",
          "links": [
            677
          ]
        },
        {
          "dir": 4,
          "name": "CLIP",
          "shape": 3,
          "type": "CLIP",
          "links": []
        }
      ],
      "title": "LOW LORA LOADER",
      "properties": {
        "cnr_id": "rgthree-comfy",
        "ver": "944d5353a1b0a668f40844018c3dc956b95a67d7",
        "Show Strengths": "Single Strength",
        "widget_ue_connectable": {}
      },
      "widgets_values": [
        {},
        {
          "type": "PowerLoraLoaderHeaderWidget"
        },
        {},
        ""
      ],
      "color": "#2a363b",
      "bgcolor": "#3f5159"
    },
    {
      "id": 99,
      "type": "Note",
      "pos": [
        -1170,
        700
      ],
      "size": [
        210,
        210
      ],
      "flags": {},
      "order": 9,
      "mode": 0,
      "inputs": [],
      "outputs": [],
      "title": "CFG Note",
      "properties": {
        "widget_ue_connectable": {}
      },
      "widgets_values": [
        "More CFG means better prompt adherence but longer generation time. Its set as \"1.0\" by default. \n\n1.0 is needed for speed-up's like 4/8-step models/LoRAs\n\nFell free to change it and test new configurations. Use values between \"1\" and \"1.5\".\n\n(1 disables/ignores the negative prompt!)"
      ],
      "color": "#432",
      "bgcolor": "#653"
    },
    {
      "id": 104,
      "type": "Note",
      "pos": [
        -1170,
        460
      ],
      "size": [
        210,
        110
      ],
      "flags": {},
      "order": 10,
      "mode": 0,
      "inputs": [],
      "outputs": [],
      "title": "Shift Note",
      "properties": {
        "widget_ue_connectable": {}
      },
      "widgets_values": [
        "Shift is set to \"5\" by default.  Feel free to change it and test new configurations.\n\nWAN 2.2 is valid from 5-8."
      ],
      "color": "#432",
      "bgcolor": "#653"
    },
    {
      "id": 313,
      "type": "ModelSamplingSD3",
      "pos": [
        -1170,
        370
      ],
      "size": [
        210,
        58
      ],
      "flags": {},
      "order": 58,
      "mode": 0,
      "inputs": [
        {
          "name": "model",
          "type": "MODEL",
          "link": 676
        }
      ],
      "outputs": [
        {
          "name": "MODEL",
          "type": "MODEL",
          "links": [
            660
          ]
        }
      ],
      "title": "Sigma Shift High",
      "properties": {
        "cnr_id": "comfy-core",
        "ver": "0.3.68",
        "Node name for S&R": "ModelSamplingSD3"
      },
      "widgets_values": [
        5
      ],
      "color": "#233",
      "bgcolor": "#355"
    },
    {
      "id": 314,
      "type": "ModelSamplingSD3",
      "pos": [
        -1170,
        280
      ],
      "size": [
        210,
        58
      ],
      "flags": {},
      "order": 59,
      "mode": 0,
      "inputs": [
        {
          "name": "model",
          "type": "MODEL",
          "link": 677
        }
      ],
      "outputs": [
        {
          "name": "MODEL",
          "type": "MODEL",
          "links": [
            661
          ]
        }
      ],
      "title": "Sigma Shift Low",
      "properties": {
        "cnr_id": "comfy-core",
        "ver": "0.3.68",
        "Node name for S&R": "ModelSamplingSD3"
      },
      "widgets_values": [
        5
      ],
      "color": "#233",
      "bgcolor": "#355"
    },
    {
      "id": 130,
      "type": "Note",
      "pos": [
        -950,
        390
      ],
      "size": [
        210,
        160
      ],
      "flags": {},
      "order": 11,
      "mode": 0,
      "inputs": [],
      "outputs": [],
      "title": "Steps total Note",
      "properties": {},
      "widgets_values": [
        "Change the steps here, the math will be done by the node.\n\nMore steps means better quality but longer generation time. Its set as \"4\" by default. Fell free to change it and test new configurations. Use even numbers! "
      ],
      "color": "#432",
      "bgcolor": "#653"
    },
    {
      "id": 316,
      "type": "Note",
      "pos": [
        -950,
        700
      ],
      "size": [
        210,
        90
      ],
      "flags": {},
      "order": 12,
      "mode": 0,
      "inputs": [],
      "outputs": [],
      "title": "Step to swap Note",
      "properties": {
        "widget_ue_connectable": {}
      },
      "widgets_values": [
        "Set to \"2\" by default. What is 50% of the 4 steps. Feel free to change it and test new configurations."
      ],
      "color": "#432",
      "bgcolor": "#653"
    },
    {
      "id": 60,
      "type": "Note",
      "pos": [
        -730,
        270
      ],
      "size": [
        210.5932159423828,
        124.21296691894531
      ],
      "flags": {},
      "order": 13,
      "mode": 0,
      "inputs": [],
      "outputs": [],
      "title": "Frames Note",
      "properties": {
        "widget_ue_connectable": {}
      },
      "widgets_values": [
        "Set The lenght of your video!\n\n3sec - 49\n4sec - 65\n5sec - 81\n6sec - 97\n7sec - 113\n\n\n"
      ],
      "color": "#432",
      "bgcolor": "#653"
    },
    {
      "id": 363,
      "type": "Note",
      "pos": [
        -730,
        540
      ],
      "size": [
        210,
        88
      ],
      "flags": {},
      "order": 14,
      "mode": 0,
      "inputs": [],
      "outputs": [],
      "title": "CRF note",
      "properties": {},
      "widgets_values": [
        "The compression level of the video.\n19 \"lossless\" is default."
      ],
      "color": "#432",
      "bgcolor": "#653"
    },
    {
      "id": 178,
      "type": "Note",
      "pos": [
        -510,
        320
      ],
      "size": [
        210,
        130
      ],
      "flags": {},
      "order": 15,
      "mode": 0,
      "inputs": [],
      "outputs": [],
      "title": "Seed Note",
      "properties": {},
      "widgets_values": [
        "Seed: -1, random outcome every time\n\nSet a seed if you want to have the same outcome every time or only want the other components the random part"
      ],
      "color": "#432",
      "bgcolor": "#653"
    },
    {
      "id": 346,
      "type": "MarkdownNote",
      "pos": [
        60,
        110
      ],
      "size": [
        230,
        820
      ],
      "flags": {},
      "order": 16,
      "mode": 0,
      "inputs": [],
      "outputs": [],
      "title": "Resolution note",
      "properties": {},
      "widgets_values": [
        "### Here are some resolutions from low to high. \n### Low res for weaker computers and fast samples.\n\n## 3 : 4 \n(width : height = 0.75)\n\n| # | Width × Height |                |\n|---|----------------|----------------|\n| 1 | 416 × 544 | fast samples |\n| 2 | 560 × 720 | fast and ok |\n| 3 | 672 × 864 | |\n| 4 | 720 × 912 | my fav |\n| 5 | 784 × 1008 | |\n| 6 | 848 × 1088 | *(WAN 2.2 native)* |\n\n## 2 : 3 \n(width : height = 0.6667)\n\n| # | Width × Height | |\n|---|----------------|----------------|\n| 1 | 384 × 576 | fast samples |\n| 2 | 528 × 768 | fast and ok | \n| 3 | 624 × 912 | |\n| 4 | 656 × 960 | my fav |\n| 5 | 736 × 1072 | |\n| 6 | 784 × 1136 | *(WAN 2.2 native)* |\n\n## 9 : 16 \n(width : height = 0.5625)\n\n| # | Width × Height | | \n|---|----------------|----------------|\n| 1 | 368 × 624 | fast samples |\n| 2 | 480 × 848 | fast and ok |\n| 3 | 576 × 1008 | |\n| 4 | 608 × 1072 | my fav |\n| 5 | 672 × 1184 | |\n| 6 | 720 × 1264 | *(WAN 2.2 native)* |"
      ],
      "color": "#432",
      "bgcolor": "#653"
    },
    {
      "id": 149,
      "type": "Note",
      "pos": [
        -840,
        1030
      ],
      "size": [
        210,
        140
      ],
      "flags": {},
      "order": 17,
      "mode": 0,
      "inputs": [],
      "outputs": [],
      "properties": {},
      "widgets_values": [
        "Write your positive prompt!\n1) Brief description of the setting/appearance\n2) Actions, motions, story\n3) Camera composition"
      ],
      "color": "#432",
      "bgcolor": "#653"
    },
    {
      "id": 146,
      "type": "Note",
      "pos": [
        -840,
        1210
      ],
      "size": [
        210,
        140
      ],
      "flags": {},
      "order": 18,
      "mode": 0,
      "inputs": [],
      "outputs": [],
      "title": "CFG + NAG Note",
      "properties": {},
      "widgets_values": [
        "CFG 1 normally disables/ignores the negative prompt!\n\nNAG effectively enables negative prompting on CFG 1."
      ],
      "color": "#432",
      "bgcolor": "#653"
    },
    {
      "id": 360,
      "type": "MarkdownNote",
      "pos": [
        670,
        110
      ],
      "size": [
        330,
        820
      ],
      "flags": {},
      "order": 19,
      "mode": 0,
      "inputs": [],
      "outputs": [],
      "title": "Changelog",
      "properties": {},
      "widgets_values": [
        "## Requirements\n- https://github.com/Kosinkadink/ComfyUI-VideoHelperSuite\n- https://github.com/rgthree/rgthree-comfy\n- https://github.com/Artificial-Sweetener/comfyui-WhiteRabbit  \n  *packaging, torchlanc*\n- https://github.com/kijai/ComfyUI-KJNodes\n- https://github.com/yolain/ComfyUI-Easy-Use\n\n---\n\n## Features\n\n- 🧩 **Automatic aspect‑ratio fitting**\n- 🖼️ **Monitor‑resolution selective upscaling**\n- ✨ **Ultra‑fast, color‑correct upscaling** (torchlanc)\n- 🔖 **Bookmark-Shortcuts** with number keys\n- Video resolution always matches optimal Div16 WAN 2.2 resolutions\n\n---\n\n## Changes\n - Changed upscale logic\n - Changed Interpolation logic\n - Changed resolution matching\n - Optimized layout\n - Gathered all settings\n\n## Fixes\n - none\n"
      ],
      "color": "#432",
      "bgcolor": "#653"
    },
    {
      "id": 472,
      "type": "LoadImage",
      "pos": [
        -1570,
        1620
      ],
      "size": [
        510,
        980
      ],
      "flags": {},
      "order": 20,
      "mode": 0,
      "inputs": [],
      "outputs": [
        {
          "name": "IMAGE",
          "type": "IMAGE",
          "links": [
            846
          ]
        },
        {
          "name": "MASK",
          "type": "MASK",
          "links": null
        }
      ],
      "title": "First-Frame-Image",
      "properties": {
        "cnr_id": "comfy-core",
        "ver": "0.3.67",
        "Node name for S&R": "LoadImage"
      },
      "widgets_values": [
        "example.png",
        "image"
      ],
      "color": "#232",
      "bgcolor": "#353"
    },
    {
      "id": 357,
      "type": "Bookmark (rgthree)",
      "pos": [
        -1720,
        930
      ],
      "size": [
        210,
        62
      ],
      "flags": {
        "collapsed": true,
        "pinned": true
      },
      "order": 21,
      "mode": 0,
      "inputs": [],
      "outputs": [],
      "title": "🔖Prompt (2)",
      "properties": {},
      "widgets_values": [
        "2",
        1
      ],
      "color": "#232",
      "bgcolor": "#353"
    },
    {
      "id": 470,
      "type": "VHS_PruneOutputs",
      "pos": [
        -130,
        1190
      ],
      "size": [
        213.223876953125,
        58
      ],
      "flags": {
        "collapsed": true
      },
      "order": 69,
      "mode": 0,
      "inputs": [
        {
          "name": "filenames",
          "type": "VHS_FILENAMES",
          "link": 844
        }
      ],
      "outputs": [],
      "properties": {
        "cnr_id": "comfyui-videohelpersuite",
        "ver": "8923bd836bdab8b7bbdf4ed104b7d045e70c66e2",
        "Node name for S&R": "VHS_PruneOutputs"
      },
      "widgets_values": {
        "options": "Intermediate and Utility"
      },
      "color": "#222",
      "bgcolor": "#000"
    },
    {
      "id": 101,
      "type": "Note",
      "pos": [
        -510,
        730
      ],
      "size": [
        210,
        180
      ],
      "flags": {},
      "order": 22,
      "mode": 0,
      "inputs": [],
      "outputs": [],
      "title": "Video size Note",
      "properties": {
        "widget_ue_connectable": {}
      },
      "widgets_values": [
        "Set your initial video Size with the correct aspect you want.\nBy default its set to 528x768 (2:3).\nThis has the most impact on your time needed to sample the video, consumed VRAM and RAM.\n\nFeel free to change anything it to fit your own specs."
      ],
      "color": "#432",
      "bgcolor": "#653"
    },
    {
      "id": 457,
      "type": "easy mathInt",
      "pos": [
        -350,
        1150
      ],
      "size": [
        210,
        106
      ],
      "flags": {
        "collapsed": true
      },
      "order": 54,
      "mode": 0,
      "inputs": [
        {
          "name": "a",
          "type": "INT",
          "widget": {
            "name": "a"
          },
          "link": 828
        }
      ],
      "outputs": [
        {
          "name": "INT",
          "type": "INT",
          "links": [
            893
          ]
        }
      ],
      "title": "Math width",
      "properties": {
        "cnr_id": "comfyui-easy-use",
        "ver": "1.3.4",
        "Node name for S&R": "easy mathInt"
      },
      "widgets_values": [
        528,
        2,
        "multiply"
      ],
      "color": "#222",
      "bgcolor": "#000"
    },
    {
      "id": 458,
      "type": "easy mathInt",
      "pos": [
        -350,
        1190
      ],
      "size": [
        270,
        106
      ],
      "flags": {
        "collapsed": true
      },
      "order": 55,
      "mode": 0,
      "inputs": [
        {
          "name": "a",
          "type": "INT",
          "widget": {
            "name": "a"
          },
          "link": 830
        }
      ],
      "outputs": [
        {
          "name": "INT",
          "type": "INT",
          "links": [
            892
          ]
        }
      ],
      "title": "Math height",
      "properties": {
        "cnr_id": "comfyui-easy-use",
        "ver": "1.3.4",
        "Node name for S&R": "easy mathInt"
      },
      "widgets_values": [
        768,
        2,
        "multiply"
      ],
      "color": "#222",
      "bgcolor": "#000"
    },
    {
      "id": 127,
      "type": "Note",
      "pos": [
        -1170,
        150
      ],
      "size": [
        350,
        88
      ],
      "flags": {},
      "order": 23,
      "mode": 0,
      "inputs": [],
      "outputs": [],
      "title": "Lora Note",
      "properties": {},
      "widgets_values": [
        "Try to use without LoRA first, to have a comparison.\n\nAdd LoRAs to your liking."
      ],
      "color": "#432",
      "bgcolor": "#653"
    },
    {
      "id": 284,
      "type": "Note",
      "pos": [
        -290,
        730
      ],
      "size": [
        230,
        180
      ],
      "flags": {},
      "order": 24,
      "mode": 0,
      "inputs": [],
      "outputs": [],
      "title": "Math final resolution Note",
      "properties": {
        "widget_ue_connectable": {}
      },
      "widgets_values": [
        "This will set the initial \"start resolution\" to be 2 times while maintaining the aspect ratio and aspect of the video.\n\nNo morph, Aspect correct to optimal WAN resolution."
      ],
      "color": "#432",
      "bgcolor": "#653"
    },
    {
      "id": 128,
      "type": "PrimitiveNode",
      "pos": [
        -950,
        280
      ],
      "size": [
        210,
        82
      ],
      "flags": {},
      "order": 25,
      "mode": 0,
      "inputs": [],
      "outputs": [
        {
          "name": "INT",
          "type": "INT",
          "widget": {
            "name": "steps"
          },
          "links": [
            894,
            899
          ]
        }
      ],
      "title": "Steps total",
      "properties": {
        "Run widget replace on values": false
      },
      "widgets_values": [
        4,
        "fixed"
      ],
      "color": "#233",
      "bgcolor": "#355"
    },
    {
      "id": 147,
      "type": "PrimitiveFloat",
      "pos": [
        -1170,
        610
      ],
      "size": [
        210,
        58
      ],
      "flags": {},
      "order": 26,
      "mode": 0,
      "inputs": [],
      "outputs": [
        {
          "name": "FLOAT",
          "type": "FLOAT",
          "links": [
            896,
            900
          ]
        }
      ],
      "title": "CFG",
      "properties": {
        "cnr_id": "comfy-core",
        "ver": "0.3.67",
        "Node name for S&R": "PrimitiveFloat"
      },
      "widgets_values": [
        1
      ],
      "color": "#233",
      "bgcolor": "#355"
    },
    {
      "id": 315,
      "type": "PrimitiveInt",
      "pos": [
        -950,
        590
      ],
      "size": [
        210,
        82
      ],
      "flags": {},
      "order": 27,
      "mode": 0,
      "inputs": [],
      "outputs": [
        {
          "name": "INT",
          "type": "INT",
          "links": [
            897,
            901
          ]
        }
      ],
      "title": "Step to swap",
      "properties": {
        "cnr_id": "comfy-core",
        "ver": "0.3.68",
        "Node name for S&R": "PrimitiveInt"
      },
      "widgets_values": [
        2,
        "fixed"
      ],
      "color": "#233",
      "bgcolor": "#355"
    },
    {
      "id": 370,
      "type": "CLIPTextEncode",
      "pos": [
        -610,
        1200
      ],
      "size": [
        210,
        180
      ],
      "flags": {},
      "order": 52,
      "mode": 0,
      "inputs": [
        {
          "name": "clip",
          "type": "CLIP",
          "link": 668
        }
      ],
      "outputs": [
        {
          "name": "CONDITIONING",
          "type": "CONDITIONING",
          "slot_index": 0,
          "links": [
            665
          ]
        }
      ],
      "title": "Negative (standard WAN)",
      "properties": {
        "cnr_id": "comfy-core",
        "ver": "0.3.46",
        "Node name for S&R": "CLIPTextEncode",
        "widget_ue_connectable": {
          "text": true
        }
      },
      "widgets_values": [
        "色调艳丽，过曝，静态，细节模糊不清，字幕，风格，作品，画作，画面，静止，整体发灰，最差质量，低质量，JPEG压缩残留，丑陋的，残缺的，多余的手指，画得不好的手部，画得不好的脸部，畸形的，毁容的，形态畸形的肢体，手指融合，静止不动的画面，杂乱的背景，三条腿，背景人很多，倒着走"
      ],
      "color": "#322",
      "bgcolor": "#533",
      "shape": 2
    },
    {
      "id": 369,
      "type": "ConditioningConcat",
      "pos": [
        -610,
        1160
      ],
      "size": [
        228.3333282470703,
        46
      ],
      "flags": {
        "collapsed": true
      },
      "order": 60,
      "mode": 0,
      "inputs": [
        {
          "name": "conditioning_to",
          "type": "CONDITIONING",
          "link": 665
        },
        {
          "name": "conditioning_from",
          "type": "CONDITIONING",
          "link": 664
        }
      ],
      "outputs": [
        {
          "name": "CONDITIONING",
          "type": "CONDITIONING",
          "links": [
            666,
            667
          ]
        }
      ],
      "properties": {
        "cnr_id": "comfy-core",
        "ver": "0.3.68",
        "Node name for S&R": "ConditioningConcat"
      },
      "widgets_values": [],
      "color": "#322",
      "bgcolor": "#533"
    },
    {
      "id": 7,
      "type": "CLIPTextEncode",
      "pos": [
        -1570,
        1390
      ],
      "size": [
        720,
        140
      ],
      "flags": {},
      "order": 51,
      "mode": 0,
      "inputs": [
        {
          "name": "clip",
          "type": "CLIP",
          "link": 371
        }
      ],
      "outputs": [
        {
          "name": "CONDITIONING",
          "type": "CONDITIONING",
          "slot_index": 0,
          "links": [
            664,
            917
          ]
        }
      ],
      "title": "Negative",
      "properties": {
        "cnr_id": "comfy-core",
        "ver": "0.3.46",
        "Node name for S&R": "CLIPTextEncode",
        "widget_ue_connectable": {
          "text": true
        }
      },
      "widgets_values": [
        ""
      ],
      "color": "#322",
      "bgcolor": "#533",
      "shape": 2
    },
    {
      "id": 160,
      "type": "CLIPTextEncode",
      "pos": [
        -1570,
        1030
      ],
      "size": [
        720,
        320
      ],
      "flags": {},
      "order": 50,
      "mode": 0,
      "inputs": [
        {
          "name": "clip",
          "type": "CLIP",
          "link": 370
        }
      ],
      "outputs": [
        {
          "name": "CONDITIONING",
          "type": "CONDITIONING",
          "links": [
            916
          ]
        }
      ],
      "properties": {
        "cnr_id": "comfy-core",
        "ver": "0.3.67",
        "Node name for S&R": "CLIPTextEncode"
      },
      "widgets_values": [
        ""
      ],
      "color": "#232",
      "bgcolor": "#353"
    },
    {
      "id": 366,
      "type": "WanVideoNAG",
      "pos": [
        -610,
        1070
      ],
      "size": [
        270,
        150
      ],
      "flags": {
        "collapsed": true
      },
      "order": 63,
      "mode": 0,
      "inputs": [
        {
          "name": "model",
          "type": "MODEL",
          "link": 660
        },
        {
          "name": "conditioning",
          "type": "CONDITIONING",
          "link": 667
        }
      ],
      "outputs": [
        {
          "name": "model",
          "type": "MODEL",
          "links": [
            904
          ]
        }
      ],
      "title": "WanVideoNAG High",
      "properties": {
        "cnr_id": "comfyui-kjnodes",
        "ver": "1.1.9",
        "Node name for S&R": "WanVideoNAG"
      },
      "widgets_values": [
        11,
        0.25,
        2.373,
        "default"
      ],
      "color": "#322",
      "bgcolor": "#533"
    },
    {
      "id": 367,
      "type": "WanVideoNAG",
      "pos": [
        -610,
        1120
      ],
      "size": [
        270,
        150
      ],
      "flags": {
        "collapsed": true
      },
      "order": 62,
      "mode": 0,
      "inputs": [
        {
          "name": "model",
          "type": "MODEL",
          "link": 661
        },
        {
          "name": "conditioning",
          "type": "CONDITIONING",
          "link": 666
        }
      ],
      "outputs": [
        {
          "name": "model",
          "type": "MODEL",
          "links": [
            905
          ]
        }
      ],
      "title": "WanVideoNAG Low",
      "properties": {
        "cnr_id": "comfyui-kjnodes",
        "ver": "1.1.9",
        "Node name for S&R": "WanVideoNAG"
      },
      "widgets_values": [
        11,
        0.25,
        2.373,
        "default"
      ],
      "color": "#322",
      "bgcolor": "#533"
    },
    {
      "id": 463,
      "type": "VHS_PruneOutputs",
      "pos": [
        -360,
        1440
      ],
      "size": [
        213.223876953125,
        58
      ],
      "flags": {
        "collapsed": true
      },
      "order": 74,
      "mode": 4,
      "inputs": [
        {
          "name": "filenames",
          "type": "VHS_FILENAMES",
          "link": 835
        }
      ],
      "outputs": [],
      "properties": {
        "cnr_id": "comfyui-videohelpersuite",
        "ver": "8923bd836bdab8b7bbdf4ed104b7d045e70c66e2",
        "Node name for S&R": "VHS_PruneOutputs"
      },
      "widgets_values": {
        "options": "Intermediate and Utility"
      },
      "color": "#222",
      "bgcolor": "#000"
    },
    {
      "id": 490,
      "type": "RIFE_VFI_Opt",
      "pos": [
        -360,
        1390
      ],
      "size": [
        319.1333374023437,
        174
      ],
      "flags": {
        "collapsed": true
      },
      "order": 72,
      "mode": 4,
      "inputs": [
        {
          "name": "frames",
          "type": "IMAGE",
          "link": 860
        },
        {
          "name": "optional_interpolation_states",
          "shape": 7,
          "type": "INTERPOLATION_STATES",
          "link": null
        }
      ],
      "outputs": [
        {
          "name": "IMAGE",
          "type": "IMAGE",
          "links": [
            833
          ]
        }
      ],
      "properties": {
        "cnr_id": "whiterabbit",
        "ver": "1.1.0",
        "Node name for S&R": "RIFE_VFI_Opt"
      },
      "widgets_values": [
        "rife49.pth",
        2,
        1,
        true,
        10
      ],
      "color": "#222",
      "bgcolor": "#000"
    },
    {
      "id": 460,
      "type": "Bookmark (rgthree)",
      "pos": [
        -1710,
        1580
      ],
      "size": [
        210,
        62
      ],
      "flags": {
        "collapsed": true
      },
      "order": 28,
      "mode": 0,
      "inputs": [],
      "outputs": [],
      "title": "🔖Video (3)",
      "properties": {},
      "widgets_values": [
        "3",
        0.8
      ],
      "color": "#223",
      "bgcolor": "#335"
    },
    {
      "id": 39,
      "type": "VAELoader",
      "pos": [
        -2370,
        650
      ],
      "size": [
        210,
        58
      ],
      "flags": {},
      "order": 29,
      "mode": 0,
      "inputs": [],
      "outputs": [
        {
          "name": "VAE",
          "type": "VAE",
          "slot_index": 0,
          "links": [
            909,
            918
          ]
        }
      ],
      "properties": {
        "cnr_id": "comfy-core",
        "ver": "0.3.46",
        "Node name for S&R": "VAELoader",
        "widget_ue_connectable": {
          "vae_name": true
        }
      },
      "widgets_values": [
        "Wan/wan_2.1_vae.safetensors"
      ],
      "color": "#223",
      "bgcolor": "#335"
    },
    {
      "id": 482,
      "type": "VAEDecode",
      "pos": [
        -130,
        1110
      ],
      "size": [
        210,
        46
      ],
      "flags": {
        "collapsed": true
      },
      "order": 66,
      "mode": 0,
      "inputs": [
        {
          "name": "samples",
          "type": "LATENT",
          "link": 850
        },
        {
          "name": "vae",
          "type": "VAE",
          "link": 909
        }
      ],
      "outputs": [
        {
          "name": "IMAGE",
          "type": "IMAGE",
          "slot_index": 0,
          "links": [
            915
          ]
        }
      ],
      "properties": {
        "cnr_id": "comfy-core",
        "ver": "0.3.46",
        "Node name for S&R": "VAEDecode",
        "widget_ue_connectable": {}
      },
      "widgets_values": [],
      "color": "#222",
      "bgcolor": "#000",
      "shape": 2
    },
    {
      "id": 394,
      "type": "PrimitiveFloat",
      "pos": [
        -730,
        660
      ],
      "size": [
        210,
        58
      ],
      "flags": {},
      "order": 30,
      "mode": 0,
      "inputs": [],
      "outputs": [
        {
          "name": "FLOAT",
          "type": "FLOAT",
          "links": [
            907,
            910
          ]
        }
      ],
      "title": "FPS",
      "properties": {
        "cnr_id": "comfy-core",
        "ver": "0.3.68",
        "Node name for S&R": "PrimitiveFloat"
      },
      "widgets_values": [
        16
      ],
      "color": "#233",
      "bgcolor": "#355"
    },
    {
      "id": 401,
      "type": "PrimitiveInt",
      "pos": [
        -730,
        430
      ],
      "size": [
        210,
        82
      ],
      "flags": {},
      "order": 31,
      "mode": 0,
      "inputs": [],
      "outputs": [
        {
          "name": "INT",
          "type": "INT",
          "links": [
            908,
            911
          ]
        }
      ],
      "title": "CRF",
      "properties": {
        "cnr_id": "comfy-core",
        "ver": "0.3.68",
        "Node name for S&R": "PrimitiveInt"
      },
      "widgets_values": [
        19,
        "fixed"
      ],
      "color": "#233",
      "bgcolor": "#355"
    },
    {
      "id": 397,
      "type": "Note",
      "pos": [
        -730,
        750
      ],
      "size": [
        210,
        120
      ],
      "flags": {},
      "order": 32,
      "mode": 0,
      "inputs": [],
      "outputs": [],
      "title": "FPS Note",
      "properties": {},
      "widgets_values": [
        "The FPS used for videos\n16 is default.\n24 is possible for fast motion, shorter video.\nYour Interpolated FPS will set to 2 times this value."
      ],
      "color": "#432",
      "bgcolor": "#653"
    },
    {
      "id": 512,
      "type": "Note",
      "pos": [
        -610,
        1420
      ],
      "size": [
        210,
        88
      ],
      "flags": {},
      "order": 33,
      "mode": 0,
      "inputs": [],
      "outputs": [],
      "properties": {},
      "widgets_values": [
        "Just the standard WAN 2.2 negatives. Leave as is."
      ],
      "color": "#432",
      "bgcolor": "#653"
    },
    {
      "id": 514,
      "type": "Note",
      "pos": [
        -840,
        1390
      ],
      "size": [
        210,
        140
      ],
      "flags": {},
      "order": 34,
      "mode": 0,
      "inputs": [],
      "outputs": [],
      "properties": {},
      "widgets_values": [
        "Your negative prompt goes here\n<----"
      ],
      "color": "#432",
      "bgcolor": "#653"
    },
    {
      "id": 481,
      "type": "Note",
      "pos": [
        -1570,
        2870
      ],
      "size": [
        450,
        100
      ],
      "flags": {},
      "order": 35,
      "mode": 0,
      "inputs": [],
      "outputs": [],
      "title": "Initial Image Note",
      "properties": {},
      "widgets_values": [
        "For First-Last-Frame, you also need to set the Last-Frame-Image.\n\nYou can use \"Exact Loop\" to produce a smooth Loop when using the same image for initial image and last frame."
      ],
      "color": "#432",
      "bgcolor": "#653"
    },
    {
      "id": 480,
      "type": "KSamplerAdvanced",
      "pos": [
        -130,
        1070
      ],
      "size": [
        304.6666717529297,
        334
      ],
      "flags": {
        "collapsed": true
      },
      "order": 65,
      "mode": 0,
      "inputs": [
        {
          "name": "model",
          "type": "MODEL",
          "link": 905
        },
        {
          "name": "positive",
          "type": "CONDITIONING",
          "link": 924
        },
        {
          "name": "negative",
          "type": "CONDITIONING",
          "link": 925
        },
        {
          "name": "latent_image",
          "type": "LATENT",
          "link": 849
        },
        {
          "name": "noise_seed",
          "type": "INT",
          "widget": {
            "name": "noise_seed"
          },
          "link": 898
        },
        {
          "name": "steps",
          "type": "INT",
          "widget": {
            "name": "steps"
          },
          "link": 899
        },
        {
          "name": "cfg",
          "type": "FLOAT",
          "widget": {
            "name": "cfg"
          },
          "link": 900
        },
        {
          "name": "start_at_step",
          "type": "INT",
          "widget": {
            "name": "start_at_step"
          },
          "link": 901
        }
      ],
      "outputs": [
        {
          "name": "LATENT",
          "type": "LATENT",
          "links": [
            850
          ]
        }
      ],
      "title": "KSampler (Low)",
      "properties": {
        "cnr_id": "comfy-core",
        "ver": "0.3.68",
        "Node name for S&R": "KSamplerAdvanced"
      },
      "widgets_values": [
        "disable",
        612388051048191,
        "randomize",
        4,
        8,
        "euler",
        "simple",
        2,
        10000,
        "disable"
      ],
      "color": "#222",
      "bgcolor": "#000"
    },
    {
      "id": 475,
      "type": "Note",
      "pos": [
        -990,
        2870
      ],
      "size": [
        430,
        100
      ],
      "flags": {},
      "order": 36,
      "mode": 0,
      "inputs": [],
      "outputs": [],
      "properties": {
        "widget_ue_connectable": {}
      },
      "widgets_values": [
        "Your final result video will be shown here.\nIf you don't like where the results are going just cancel the run!"
      ],
      "color": "#432",
      "bgcolor": "#653"
    },
    {
      "id": 342,
      "type": "MarkdownNote",
      "pos": [
        300,
        110
      ],
      "size": [
        360,
        820
      ],
      "flags": {},
      "order": 37,
      "mode": 0,
      "inputs": [],
      "outputs": [],
      "title": "Video codec, CRF and features",
      "properties": {},
      "widgets_values": [
        "### 🎥 H.265 (MP4) CRF Recommendations for WAN 2.2 + RIFE\n---\n\n| Purpose | CRF | Notes |\n|----------|-----|-------|\n| Master / Archival | 19 | Nearly lossless; best for grading or editing |\n| Final Render | 20–22 | Ideal quality-to-size balance |\n| Web / Social | 23–25 | Lighter files, still decent |\n| Previews / Tests | 25–27 | Quick generation, visible compression |\n\n---\n\n\n💡 *Tip:* For AI-generated videos, CRF 20-22 gives extreme good results with minimal size. H265 is in every way superior to H264 - better compression, better motion estimation, better colors.\n\n---\n### NAG\nThis will use your negative condition and concat it with the standard WAN AI negative prompt for convenience.\n\nIf you do not want this, just disable the standard negative node.\n\n### Interpolation\nThis will interpolate your video to double fps at the end."
      ],
      "color": "#432",
      "bgcolor": "#653"
    },
    {
      "id": 488,
      "type": "VHS_LoadVideoFFmpegPath",
      "pos": [
        -360,
        1350
      ],
      "size": [
        291.58209228515625,
        94
      ],
      "flags": {
        "collapsed": true
      },
      "order": 71,
      "mode": 4,
      "inputs": [
        {
          "name": "meta_batch",
          "shape": 7,
          "type": "VHS_BatchManager",
          "link": null
        },
        {
          "name": "vae",
          "shape": 7,
          "type": "VAE",
          "link": null
        },
        {
          "name": "video",
          "type": "STRING",
          "widget": {
            "name": "video"
          },
          "link": 858
        }
      ],
      "outputs": [
        {
          "name": "IMAGE",
          "type": "IMAGE",
          "links": [
            860
          ]
        },
        {
          "name": "mask",
          "type": "MASK",
          "links": null
        },
        {
          "name": "audio",
          "type": "AUDIO",
          "links": null
        },
        {
          "name": "video_info",
          "type": "VHS_VIDEOINFO",
          "links": null
        }
      ],
      "properties": {
        "cnr_id": "comfyui-videohelpersuite",
        "ver": "8923bd836bdab8b7bbdf4ed104b7d045e70c66e2",
        "Node name for S&R": "VHS_LoadVideoFFmpegPath"
      },
      "widgets_values": {
        "video": "",
        "force_rate": 0,
        "custom_width": 0,
        "custom_height": 0,
        "frame_load_cap": 0,
        "start_time": 0,
        "format": "Wan",
        "videopreview": {
          "hidden": false,
          "paused": false,
          "params": {
            "filename": "",
            "type": "path",
            "format": "video/",
            "force_rate": 0,
            "custom_width": 0,
            "custom_height": 0,
            "frame_load_cap": 0,
            "start_time": 0
          }
        }
      },
      "color": "#222",
      "bgcolor": "#000"
    },
    {
      "id": 466,
      "type": "VHS_SelectFilename",
      "pos": [
        -360,
        1310
      ],
      "size": [
        223.2985076904297,
        58
      ],
      "flags": {
        "collapsed": true
      },
      "order": 70,
      "mode": 4,
      "inputs": [
        {
          "name": "filenames",
          "type": "VHS_FILENAMES",
          "link": 927
        }
      ],
      "outputs": [
        {
          "name": "Filename",
          "type": "STRING",
          "links": [
            858
          ]
        }
      ],
      "properties": {
        "cnr_id": "comfyui-videohelpersuite",
        "ver": "8923bd836bdab8b7bbdf4ed104b7d045e70c66e2",
        "Node name for S&R": "VHS_SelectFilename"
      },
      "widgets_values": {
        "index": -1
      },
      "color": "#222",
      "bgcolor": "#000"
    },
    {
      "id": 82,
      "type": "Seed (rgthree)",
      "pos": [
        -510,
        160
      ],
      "size": [
        210,
        130
      ],
      "flags": {},
      "order": 38,
      "mode": 0,
      "inputs": [],
      "outputs": [
        {
          "dir": 4,
          "name": "SEED",
          "shape": 3,
          "type": "INT",
          "links": [
            895,
            898
          ]
        }
      ],
      "properties": {
        "cnr_id": "rgthree-comfy",
        "ver": "84a146fee39f7b3a8c6631dcac29bc13b077eb49",
        "randomMax": 1125899906842624,
        "randomMin": 0,
        "widget_ue_connectable": {}
      },
      "widgets_values": [
        -1,
        "",
        "",
        ""
      ],
      "color": "#233",
      "bgcolor": "#355"
    },
    {
      "id": 109,
      "type": "Power Lora Loader (rgthree)",
      "pos": [
        -1570,
        150
      ],
      "size": [
        390,
        360
      ],
      "flags": {},
      "order": 48,
      "mode": 0,
      "inputs": [
        {
          "dir": 3,
          "name": "model",
          "type": "MODEL",
          "link": 215
        },
        {
          "dir": 3,
          "name": "clip",
          "type": "CLIP",
          "link": null
        }
      ],
      "outputs": [
        {
          "dir": 4,
          "name": "MODEL",
          "shape": 3,
          "type": "MODEL",
          "links": [
            676
          ]
        },
        {
          "dir": 4,
          "name": "CLIP",
          "shape": 3,
          "type": "CLIP",
          "links": []
        }
      ],
      "title": "HIGH LORA LOADER",
      "properties": {
        "cnr_id": "rgthree-comfy",
        "ver": "944d5353a1b0a668f40844018c3dc956b95a67d7",
        "Show Strengths": "Single Strength",
        "widget_ue_connectable": {}
      },
      "widgets_values": [
        {},
        {
          "type": "PowerLoraLoaderHeaderWidget"
        },
        {},
        ""
      ],
      "color": "#223",
      "bgcolor": "#335"
    },
    {
      "id": 511,
      "type": "Note",
      "pos": [
        -290,
        320
      ],
      "size": [
        330,
        88
      ],
      "flags": {},
      "order": 39,
      "mode": 0,
      "inputs": [],
      "outputs": [],
      "title": "Features",
      "properties": {},
      "widgets_values": [
        "Enable features you want to use."
      ],
      "color": "#432",
      "bgcolor": "#653"
    },
    {
      "id": 137,
      "type": "PrimitiveNode",
      "pos": [
        -730,
        160
      ],
      "size": [
        210,
        82
      ],
      "flags": {},
      "order": 40,
      "mode": 0,
      "inputs": [],
      "outputs": [
        {
          "name": "INT",
          "type": "INT",
          "widget": {
            "name": "length"
          },
          "links": [
            928
          ]
        }
      ],
      "title": "Frames",
      "properties": {
        "Run widget replace on values": false
      },
      "widgets_values": [
        81,
        "fixed"
      ],
      "color": "#233",
      "bgcolor": "#355"
    },
    {
      "id": 468,
      "type": "KSamplerAdvanced",
      "pos": [
        -130,
        1030
      ],
      "size": [
        300,
        546
      ],
      "flags": {
        "collapsed": true
      },
      "order": 64,
      "mode": 0,
      "inputs": [
        {
          "name": "model",
          "type": "MODEL",
          "link": 904
        },
        {
          "name": "positive",
          "type": "CONDITIONING",
          "link": 922
        },
        {
          "name": "negative",
          "type": "CONDITIONING",
          "link": 923
        },
        {
          "name": "latent_image",
          "type": "LATENT",
          "link": 926
        },
        {
          "name": "noise_seed",
          "type": "INT",
          "widget": {
            "name": "noise_seed"
          },
          "link": 895
        },
        {
          "name": "steps",
          "type": "INT",
          "widget": {
            "name": "steps"
          },
          "link": 894
        },
        {
          "name": "cfg",
          "type": "FLOAT",
          "widget": {
            "name": "cfg"
          },
          "link": 896
        },
        {
          "name": "end_at_step",
          "type": "INT",
          "widget": {
            "name": "end_at_step"
          },
          "link": 897
        }
      ],
      "outputs": [
        {
          "name": "LATENT",
          "type": "LATENT",
          "links": [
            849
          ]
        }
      ],
      "title": "KSampler (High)",
      "properties": {
        "cnr_id": "comfy-core",
        "ver": "0.3.68",
        "Node name for S&R": "KSamplerAdvanced"
      },
      "widgets_values": [
        "enable",
        778095833204568,
        "randomize",
        4,
        8,
        "euler",
        "simple",
        0,
        2,
        "enable"
      ],
      "color": "#222",
      "bgcolor": "#000"
    },
    {
      "id": 474,
      "type": "BatchResizeWithLanczos",
      "pos": [
        -360,
        1030
      ],
      "size": [
        277.15,
        310
      ],
      "flags": {
        "collapsed": true
      },
      "order": 56,
      "mode": 0,
      "inputs": [
        {
          "name": "image",
          "type": "IMAGE",
          "link": 846
        },
        {
          "name": "mask",
          "shape": 7,
          "type": "MASK",
          "link": null
        },
        {
          "name": "width",
          "type": "INT",
          "widget": {
            "name": "width"
          },
          "link": 886
        },
        {
          "name": "height",
          "type": "INT",
          "widget": {
            "name": "height"
          },
          "link": 887
        }
      ],
      "outputs": [
        {
          "name": "IMAGE",
          "type": "IMAGE",
          "links": [
            919
          ]
        },
        {
          "name": "width",
          "type": "INT",
          "links": []
        },
        {
          "name": "height",
          "type": "INT",
          "links": []
        },
        {
          "name": "mask",
          "type": "MASK",
          "links": null
        }
      ],
      "properties": {
        "cnr_id": "whiterabbit",
        "ver": "1.1.0",
        "Node name for S&R": "BatchResizeWithLanczos"
      },
      "widgets_values": [
        528,
        768,
        "Keep AR",
        16,
        3,
        3,
        "0, 0, 0",
        "center",
        "fp32"
      ],
      "color": "#222",
      "bgcolor": "#000"
    },
    {
      "id": 486,
      "type": "BatchResizeWithLanczos",
      "pos": [
        -130,
        1150
      ],
      "size": [
        277.15,
        310
      ],
      "flags": {
        "collapsed": true
      },
      "order": 67,
      "mode": 0,
      "inputs": [
        {
          "name": "image",
          "type": "IMAGE",
          "link": 915
        },
        {
          "name": "mask",
          "shape": 7,
          "type": "MASK",
          "link": null
        },
        {
          "name": "width",
          "type": "INT",
          "widget": {
            "name": "width"
          },
          "link": 893
        },
        {
          "name": "height",
          "type": "INT",
          "widget": {
            "name": "height"
          },
          "link": 892
        }
      ],
      "outputs": [
        {
          "name": "IMAGE",
          "type": "IMAGE",
          "links": [
            845
          ]
        },
        {
          "name": "width",
          "type": "INT",
          "links": null
        },
        {
          "name": "height",
          "type": "INT",
          "links": null
        },
        {
          "name": "mask",
          "type": "MASK",
          "links": null
        }
      ],
      "properties": {
        "cnr_id": "whiterabbit",
        "ver": "1.1.0",
        "Node name for S&R": "BatchResizeWithLanczos"
      },
      "widgets_values": [
        2440,
        1440,
        "Keep AR",
        16,
        3,
        3,
        "0, 0, 0",
        "center",
        "fp32"
      ],
      "color": "#222",
      "bgcolor": "#000"
    },
    {
      "id": 471,
      "type": "VHS_VideoCombine",
      "pos": [
        -1050,
        1620
      ],
      "size": [
        540,
        1104
      ],
      "flags": {},
      "order": 68,
      "mode": 0,
      "inputs": [
        {
          "name": "images",
          "type": "IMAGE",
          "link": 845
        },
        {
          "name": "audio",
          "shape": 7,
          "type": "AUDIO",
          "link": null
        },
        {
          "name": "meta_batch",
          "shape": 7,
          "type": "VHS_BatchManager",
          "link": null
        },
        {
          "name": "vae",
          "shape": 7,
          "type": "VAE",
          "link": null
        },
        {
          "name": "frame_rate",
          "type": "FLOAT",
          "widget": {
            "name": "frame_rate"
          },
          "link": 910
        },
        {
          "name": "crf",
          "type": "INT",
          "widget": {
            "name": "crf"
          },
          "link": 911
        }
      ],
      "outputs": [
        {
          "name": "Filenames",
          "type": "VHS_FILENAMES",
          "links": [
            844,
            927
          ]
        }
      ],
      "properties": {
        "cnr_id": "comfyui-videohelpersuite",
        "ver": "1.7.2",
        "Node name for S&R": "VHS_VideoCombine",
        "widget_ue_connectable": {
          "frame_rate": true,
          "loop_count": true,
          "filename_prefix": true,
          "format": true,
          "pingpong": true,
          "save_output": true,
          "pix_fmt": true,
          "crf": true,
          "save_metadata": true,
          "trim_to_audio": true
        }
      },
      "widgets_values": {
        "frame_rate": 24,
        "loop_count": 0,
        "filename_prefix": "video/%date:yyyy-MM-dd%/%date:hhmmss%_I2V",
        "format": "video/h265-mp4",
        "pix_fmt": "yuv420p10le",
        "crf": 0,
        "save_metadata": true,
        "pingpong": false,
        "save_output": true,
        "videopreview": {
          "hidden": false,
          "paused": false,
          "params": {
            "filename": "140113_I2V_00001.mp4",
            "subfolder": "video/2025-11-19",
            "type": "output",
            "format": "video/h265-mp4",
            "frame_rate": 16,
            "workflow": "140113_I2V_00001.png",
            "fullpath": "/var/home/darksidewalker/GitHub/Ubuntu/ComfyUI/output/video/2025-11-19/140113_I2V_00001.mp4"
          },
          "muted": false
        }
      },
      "color": "#223",
      "bgcolor": "#335",
      "shape": 2
    },
    {
      "id": 515,
      "type": "WanImageToVideo",
      "pos": [
        -350,
        1080
      ],
      "size": [
        270,
        210
      ],
      "flags": {
        "collapsed": true
      },
      "order": 61,
      "mode": 0,
      "inputs": [
        {
          "name": "positive",
          "type": "CONDITIONING",
          "link": 916
        },
        {
          "name": "negative",
          "type": "CONDITIONING",
          "link": 917
        },
        {
          "name": "vae",
          "type": "VAE",
          "link": 918
        },
        {
          "name": "clip_vision_output",
          "shape": 7,
          "type": "CLIP_VISION_OUTPUT",
          "link": null
        },
        {
          "name": "start_image",
          "shape": 7,
          "type": "IMAGE",
          "link": 919
        },
        {
          "name": "width",
          "type": "INT",
          "widget": {
            "name": "width"
          },
          "link": 920
        },
        {
          "name": "height",
          "type": "INT",
          "widget": {
            "name": "height"
          },
          "link": 921
        },
        {
          "name": "length",
          "type": "INT",
          "widget": {
            "name": "length"
          },
          "link": 928
        }
      ],
      "outputs": [
        {
          "name": "positive",
          "type": "CONDITIONING",
          "links": [
            922,
            924
          ]
        },
        {
          "name": "negative",
          "type": "CONDITIONING",
          "links": [
            923,
            925
          ]
        },
        {
          "name": "latent",
          "type": "LATENT",
          "links": [
            926
          ]
        }
      ],
      "properties": {
        "cnr_id": "comfy-core",
        "ver": "0.3.68",
        "Node name for S&R": "WanImageToVideo"
      },
      "widgets_values": [
        528,
        768,
        81,
        1
      ],
      "color": "#222",
      "bgcolor": "#000"
    },
    {
      "id": 516,
      "type": "MarkdownNote",
      "pos": [
        -2070,
        780
      ],
      "size": [
        340,
        150
      ],
      "flags": {},
      "order": 41,
      "mode": 0,
      "inputs": [],
      "outputs": [],
      "properties": {},
      "widgets_values": [
        "# HowTo use\n1. Set checkpoints\n2. Set Clip + VAE\n3. (optional) add LoRAs\n4. Enable Featuras you want at the Features - Switch\n5. Tune any parameter to your liking under \"BASIC SETTINGS\"\n6. Generate"
      ],
      "color": "#432",
      "bgcolor": "#653"
    },
    {
      "id": 135,
      "type": "PrimitiveNode",
      "pos": [
        -510,
        490
      ],
      "size": [
        210,
        82
      ],
      "flags": {},
      "order": 42,
      "mode": 0,
      "inputs": [],
      "outputs": [
        {
          "name": "INT",
          "type": "INT",
          "widget": {
            "name": "a"
          },
          "links": [
            828,
            886,
            920
          ]
        }
      ],
      "title": "Width - start resolution",
      "properties": {
        "Run widget replace on values": false
      },
      "widgets_values": [
        528,
        "fixed"
      ],
      "color": "#233",
      "bgcolor": "#355"
    },
    {
      "id": 136,
      "type": "PrimitiveNode",
      "pos": [
        -510,
        610
      ],
      "size": [
        210,
        82
      ],
      "flags": {},
      "order": 43,
      "mode": 0,
      "inputs": [],
      "outputs": [
        {
          "name": "INT",
          "type": "INT",
          "widget": {
            "name": "a"
          },
          "links": [
            830,
            887,
            921
          ]
        }
      ],
      "title": "Height - start resolution",
      "properties": {
        "Run widget replace on values": false
      },
      "widgets_values": [
        768,
        "fixed"
      ],
      "color": "#233",
      "bgcolor": "#355"
    },
    {
      "id": 461,
      "type": "easy mathFloat",
      "pos": [
        -360,
        1270
      ],
      "size": [
        270,
        106
      ],
      "flags": {
        "collapsed": true
      },
      "order": 53,
      "mode": 4,
      "inputs": [
        {
          "name": "a",
          "type": "FLOAT",
          "widget": {
            "name": "a"
          },
          "link": 907
        }
      ],
      "outputs": [
        {
          "name": "FLOAT",
          "type": "FLOAT",
          "links": [
            834
          ]
        }
      ],
      "properties": {
        "cnr_id": "comfyui-easy-use",
        "ver": "1.3.4",
        "Node name for S&R": "easy mathFloat"
      },
      "widgets_values": [
        0,
        2,
        "multiply"
      ],
      "color": "#222",
      "bgcolor": "#000"
    },
    {
      "id": 462,
      "type": "VHS_VideoCombine",
      "pos": [
        -480,
        1620
      ],
      "size": [
        600,
        1194
      ],
      "flags": {},
      "order": 73,
      "mode": 4,
      "inputs": [
        {
          "name": "images",
          "type": "IMAGE",
          "link": 833
        },
        {
          "name": "audio",
          "shape": 7,
          "type": "AUDIO",
          "link": null
        },
        {
          "name": "meta_batch",
          "shape": 7,
          "type": "VHS_BatchManager",
          "link": null
        },
        {
          "name": "vae",
          "shape": 7,
          "type": "VAE",
          "link": null
        },
        {
          "name": "frame_rate",
          "type": "FLOAT",
          "widget": {
            "name": "frame_rate"
          },
          "link": 834
        },
        {
          "name": "crf",
          "type": "INT",
          "widget": {
            "name": "crf"
          },
          "link": 908
        }
      ],
      "outputs": [
        {
          "name": "Filenames",
          "type": "VHS_FILENAMES",
          "links": [
            835
          ]
        }
      ],
      "properties": {
        "cnr_id": "comfyui-videohelpersuite",
        "ver": "1.7.7",
        "Node name for S&R": "VHS_VideoCombine"
      },
      "widgets_values": {
        "frame_rate": 32,
        "loop_count": 0,
        "filename_prefix": "video/%date:yyyy-MM-dd%/%date:hhmmss%_interpolated",
        "format": "video/h265-mp4",
        "pix_fmt": "yuv420p10le",
        "crf": 0,
        "save_metadata": true,
        "pingpong": false,
        "save_output": true,
        "videopreview": {
          "hidden": false,
          "paused": false,
          "params": {
            "filename": "140113_interpolated_00001.mp4",
            "subfolder": "video/2025-11-19",
            "type": "output",
            "format": "video/h265-mp4",
            "frame_rate": 32,
            "workflow": "140113_interpolated_00001.png",
            "fullpath": "/var/home/darksidewalker/GitHub/Ubuntu/ComfyUI/output/video/2025-11-19/140113_interpolated_00001.mp4"
          }
        }
      },
      "color": "#232",
      "bgcolor": "#353"
    },
    {
      "id": 476,
      "type": "Note",
      "pos": [
        -480,
        2882
      ],
      "size": [
        270,
        88
      ],
      "flags": {},
      "order": 44,
      "mode": 4,
      "inputs": [],
      "outputs": [],
      "properties": {},
      "widgets_values": [
        "Disabled by 'default'.\nIf you do want the frame interpolation, just enable the groups."
      ],
      "color": "#432",
      "bgcolor": "#653"
    },
    {
      "id": 477,
      "type": "Note",
      "pos": [
        -200,
        2880
      ],
      "size": [
        320,
        88
      ],
      "flags": {},
      "order": 45,
      "mode": 4,
      "inputs": [],
      "outputs": [],
      "properties": {
        "widget_ue_connectable": {}
      },
      "widgets_values": [
        "Your final result with used frame interpolation.\n\n"
      ],
      "color": "#432",
      "bgcolor": "#653"
    },
    {
      "id": 517,
      "type": "Mute / Bypass Relay (rgthree)",
      "pos": [
        -480,
        2850
      ],
      "size": [
        225.91492309570313,
        60
      ],
      "flags": {
        "collapsed": true
      },
      "order": 46,
      "mode": 4,
      "inputs": [
        {
          "dir": 3,
          "name": "",
          "type": "*",
          "link": null
        }
      ],
      "outputs": [
        {
          "color_off": "#a80",
          "color_on": "#Fc0",
          "dir": 4,
          "name": "REPEATER",
          "shape": 5,
          "type": "_NODE_REPEATER_",
          "links": [
            929
          ]
        }
      ],
      "properties": {
        "on_muted_inputs": "MUTE",
        "on_bypassed_inputs": "BYPASS",
        "on_any_active_inputs": "ACTIVE"
      },
      "color": "#222",
      "bgcolor": "#000"
    },
    {
      "id": 518,
      "type": "Mute / Bypass Repeater (rgthree)",
      "pos": [
        -350,
        1490
      ],
      "size": [
        247.7358154296875,
        60
      ],
      "flags": {
        "collapsed": true
      },
      "order": 57,
      "mode": 4,
      "inputs": [
        {
          "color_off": "#a80",
          "color_on": "#FC0",
          "dir": 3,
          "name": "Mute / Bypass Relay (rgthree)",
          "type": "*",
          "link": 929
        },
        {
          "dir": 3,
          "name": "",
          "type": "*",
          "link": null
        }
      ],
      "outputs": [],
      "properties": {},
      "color": "#222",
      "bgcolor": "#000"
    },
    {
      "id": 219,
      "type": "Fast Groups Bypasser (rgthree)",
      "pos": [
        -290,
        160
      ],
      "size": [
        330,
        130
      ],
      "flags": {},
      "order": 47,
      "mode": 0,
      "inputs": [],
      "outputs": [
        {
          "name": "OPT_CONNECTION",
          "type": "*",
          "links": []
        }
      ],
      "title": "Features - Switch",
      "properties": {
        "matchColors": "Green",
        "matchTitle": "",
        "showNav": false,
        "showAllGraphs": true,
        "sort": "position",
        "customSortAlphabet": "",
        "toggleRestriction": "default"
      },
      "color": "#233",
      "bgcolor": "#355"
    }
  ],
  "links": [
    [
      215,
      124,
      0,
      109,
      0,
      "MODEL"
    ],
    [
      217,
      125,
      0,
      110,
      0,
      "MODEL"
    ],
    [
      370,
      38,
      0,
      160,
      0,
      "CLIP"
    ],
    [
      371,
      38,
      0,
      7,
      0,
      "CLIP"
    ],
    [
      660,
      313,
      0,
      366,
      0,
      "MODEL"
    ],
    [
      661,
      314,
      0,
      367,
      0,
      "MODEL"
    ],
    [
      664,
      7,
      0,
      369,
      1,
      "CONDITIONING"
    ],
    [
      665,
      370,
      0,
      369,
      0,
      "CONDITIONING"
    ],
    [
      666,
      369,
      0,
      367,
      1,
      "CONDITIONING"
    ],
    [
      667,
      369,
      0,
      366,
      1,
      "CONDITIONING"
    ],
    [
      668,
      38,
      0,
      370,
      0,
      "CLIP"
    ],
    [
      676,
      109,
      0,
      313,
      0,
      "MODEL"
    ],
    [
      677,
      110,
      0,
      314,
      0,
      "MODEL"
    ],
    [
      828,
      135,
      0,
      457,
      0,
      "INT"
    ],
    [
      830,
      136,
      0,
      458,
      0,
      "INT"
    ],
    [
      833,
      490,
      0,
      462,
      0,
      "IMAGE"
    ],
    [
      834,
      461,
      0,
      462,
      4,
      "FLOAT"
    ],
    [
      835,
      462,
      0,
      463,
      0,
      "VHS_FILENAMES"
    ],
    [
      844,
      471,
      0,
      470,
      0,
      "VHS_FILENAMES"
    ],
    [
      845,
      486,
      0,
      471,
      0,
      "IMAGE"
    ],
    [
      846,
      472,
      0,
      474,
      0,
      "IMAGE"
    ],
    [
      849,
      468,
      0,
      480,
      3,
      "LATENT"
    ],
    [
      850,
      480,
      0,
      482,
      0,
      "LATENT"
    ],
    [
      858,
      466,
      0,
      488,
      2,
      "STRING"
    ],
    [
      860,
      488,
      0,
      490,
      0,
      "IMAGE"
    ],
    [
      886,
      135,
      0,
      474,
      2,
      "INT"
    ],
    [
      887,
      136,
      0,
      474,
      3,
      "INT"
    ],
    [
      892,
      458,
      0,
      486,
      3,
      "INT"
    ],
    [
      893,
      457,
      0,
      486,
      2,
      "INT"
    ],
    [
      894,
      128,
      0,
      468,
      5,
      "INT"
    ],
    [
      895,
      82,
      0,
      468,
      4,
      "INT"
    ],
    [
      896,
      147,
      0,
      468,
      6,
      "FLOAT"
    ],
    [
      897,
      315,
      0,
      468,
      7,
      "INT"
    ],
    [
      898,
      82,
      0,
      480,
      4,
      "INT"
    ],
    [
      899,
      128,
      0,
      480,
      5,
      "INT"
    ],
    [
      900,
      147,
      0,
      480,
      6,
      "FLOAT"
    ],
    [
      901,
      315,
      0,
      480,
      7,
      "INT"
    ],
    [
      904,
      366,
      0,
      468,
      0,
      "MODEL"
    ],
    [
      905,
      367,
      0,
      480,
      0,
      "MODEL"
    ],
    [
      907,
      394,
      0,
      461,
      0,
      "FLOAT"
    ],
    [
      908,
      401,
      0,
      462,
      5,
      "INT"
    ],
    [
      909,
      39,
      0,
      482,
      1,
      "VAE"
    ],
    [
      910,
      394,
      0,
      471,
      4,
      "FLOAT"
    ],
    [
      911,
      401,
      0,
      471,
      5,
      "INT"
    ],
    [
      915,
      482,
      0,
      486,
      0,
      "IMAGE"
    ],
    [
      916,
      160,
      0,
      515,
      0,
      "CONDITIONING"
    ],
    [
      917,
      7,
      0,
      515,
      1,
      "CONDITIONING"
    ],
    [
      918,
      39,
      0,
      515,
      2,
      "VAE"
    ],
    [
      919,
      474,
      0,
      515,
      4,
      "IMAGE"
    ],
    [
      920,
      135,
      0,
      515,
      5,
      "INT"
    ],
    [
      921,
      136,
      0,
      515,
      6,
      "INT"
    ],
    [
      922,
      515,
      0,
      468,
      1,
      "CONDITIONING"
    ],
    [
      923,
      515,
      1,
      468,
      2,
      "CONDITIONING"
    ],
    [
      924,
      515,
      0,
      480,
      1,
      "CONDITIONING"
    ],
    [
      925,
      515,
      1,
      480,
      2,
      "CONDITIONING"
    ],
    [
      926,
      515,
      2,
      468,
      3,
      "LATENT"
    ],
    [
      927,
      471,
      0,
      466,
      0,
      "VHS_FILENAMES"
    ],
    [
      928,
      137,
      0,
      515,
      7,
      "INT"
    ],
    [
      929,
      517,
      0,
      518,
      0,
      "*"
    ]
  ],
  "groups": [
    {
      "id": 1,
      "title": "CHECKPOINTS  SAFETENSOR",
      "bounding": [
        -2380,
        80,
        769.465576171875,
        332.8675842285156
      ],
      "color": "#8AA",
      "font_size": 24,
      "flags": {}
    },
    {
      "id": 2,
      "title": "LORAS + BASIC SETTINGS",
      "bounding": [
        -1580,
        80,
        1630,
        850
      ],
      "color": "#8AA",
      "font_size": 24,
      "flags": {}
    },
    {
      "id": 3,
      "title": "CLIP / VAE",
      "bounding": [
        -2380,
        420,
        770,
        300
      ],
      "color": "#8AA",
      "font_size": 24,
      "flags": {}
    },
    {
      "id": 12,
      "title": "PROMPTS",
      "bounding": [
        -1580,
        950,
        1200,
        587.2
      ],
      "color": "#8AA",
      "font_size": 24,
      "flags": {}
    },
    {
      "id": 40,
      "title": "F1# NAG",
      "bounding": [
        -620,
        1000,
        230,
        521.6
      ],
      "color": "#8A8",
      "font_size": 24,
      "flags": {}
    },
    {
      "id": 41,
      "title": "F2# Add Interpolation",
      "bounding": [
        -490,
        1550,
        620,
        1433.6
      ],
      "color": "#8A8",
      "font_size": 24,
      "flags": {}
    },
    {
      "id": 42,
      "title": "Image to video (I2V) only",
      "bounding": [
        -1580,
        1550,
        1080,
        1433.6
      ],
      "color": "#88A",
      "font_size": 24,
      "flags": {}
    },
    {
      "id": 44,
      "title": "Backend operations I2V",
      "bounding": [
        -370,
        950,
        462.3333282470703,
        243.6
      ],
      "color": "#444",
      "font_size": 24,
      "flags": {}
    },
    {
      "id": 45,
      "title": "Backend Interpolation",
      "bounding": [
        -370,
        1200,
        280,
        300
      ],
      "color": "#444",
      "font_size": 24,
      "flags": {}
    }
  ],
  "config": {},
  "extra": {
    "ds": {
      "scale": 0.6611570247933917,
      "offset": [
        2690.3638591985277,
        -257.54057566815845
      ]
    },
    "frontendVersion": "1.28.8",
    "VHS_latentpreview": false,
    "VHS_latentpreviewrate": 0,
    "VHS_MetadataImage": true,
    "VHS_KeepIntermediate": true,
    "ue_links": [],
    "links_added_by_ue": []
  },
  "version": 0.4
}